{
    "error": "https://i.imgur.com/uBGwDAM.gif",
    "blueColor": "4070ff",
    "blueHelp": "https://i.imgur.com/FEp8F1G.gif",
    "blueChecked": "https://i.imgur.com/VYbqL1c.gif",
    "pinkHelp": "https://i.imgur.com/JRE8K99.gif",
    "redDiamond": "<a:ab_RedDiamond:938857687788183572>",
    "blueDiamond": "<a:ab_BlueDiamond:938850305083314207>",
    "yellowDiamond": "<a:ab_YellowDiamond:938857668888645673>",
    "greenDiamond": "<a:ab_GreenDiamond:938880803692240927>",
    "orangeDiamond": "<a:ab_OrangeDiamond:938881688866553868>",
    "purpleDiamond": "<a:ab_PurpleDiamond:938883672717787196>",
    "pinkDiamond": "<a:ab_PinkDiamond:938882959472205874>",
    "grayDiamond": "<a:ab_GrayDiamond:938884683771543572>",
    "stars": {
        "emjs": {
            "0": "<:ab_RedStar:1061774588796751962>",
            "1": "<:ab_OrangeStar:1061774638536982558>",
            "2": "<:ab_YellowStar:1061774704668577872>",
            "3": "<:ab_GreenStar:1061774738411753572>",
            "4": "<:ab_BlueStar:1061774767268565042>"
        },
        "colors": {
            "0": [255, 20, 20],
            "1": [255, 120, 20],
            "2": [255, 255, 20],
            "3": [20, 255, 20],
            "4": [20, 120, 255]
        },
        "thumbs": {
            "0": "https://i.imgur.com/ASlLRvg.png",
            "1": "https://i.imgur.com/k3tZk7u.png",
            "2": "https://i.imgur.com/rlygQ1G.png",
            "3": "https://i.imgur.com/JWH3GAD.png",
            "4": "https://i.imgur.com/fv5ydlX.png"
        }
    },
    "afkOnThumb": "https://i.imgur.com/0Z5FOrl.png",
    "afkOffThumb": "https://i.imgur.com/LOgal7P.png",
    "afkOnEmj": "<:ab_AfkOn:1060750953239814215>",
    "afkOffEmj": "<:ab_AfkOff:1060750887825448980>"
}