{
    "error": "https://i.imgur.com/uBGwDAM.gif",
    "blueColor": "4070ff",
    "blueHelp": "https://i.imgur.com/FEp8F1G.gif",
    "blueChecked": "https://i.imgur.com/VYbqL1c.gif",
    "pinkHelp": "https://i.imgur.com/JRE8K99.gif",
    "redDiamond": "<a:ab_RedDiamond:938857687788183572>",
    "blueDiamond": "<a:ab_BlueDiamond:938850305083314207>",
    "yellowDiamond": "<a:ab_YellowDiamond:938857668888645673>",
    "greenDiamond": "<a:ab_GreenDiamond:938880803692240927>",
    "orangeDiamond": "<a:ab_OrangeDiamond:938881688866553868>",
    "purpleDiamond": "<a:ab_PurpleDiamond:938883672717787196>",
    "pinkDiamond": "<a:ab_PinkDiamond:938882959472205874>",
    "grayDiamond": "<a:ab_GrayDiamond:938884683771543572>"
}